{"cameraMode":{"drawMode":0,"name":"Shaded","section":"Shading Mode"},"sceneLighting":true,"audioPlay":false,"sceneViewState":{"showFog":true,"showMaterialUpdate":false,"showSkybox":true,"showFlares":true,"showImageEffects":true,"showParticleSystems":true},"in2DMode":false,"pivot":{"x":516.1322631835938,"y":61.19987106323242,"z":485.6773681640625},"rotation":{"x":-0.06068676710128784,"y":0.8099682927131653,"z":-0.0766487717628479,"w":-0.5782920122146606},"size":48.17530822753906,"orthographic":false}